File name,wR,Red. chi^2,Start,End,Wavelength,Bg num,bcc FeNi a,extrapeak a,bcc FeNi Vol,extrapeak Vol
FeNi_DAC11_P2a_012,0.0029897837595192424,0.04173735957451041,23,26,0.860255,3,2.8220028809049125,2.986683756657192,22.473585075919335,26.642054969507686
