Index,a,da,V,dV,rho,drho,P,dP,KT,dKT,KTprime,dKTprime
FeNiSi_Ambient,2.85938,0.00109,23.378,0.027,7.704,0.009,0.0,0.0,155.6,7.5,5.68,1.23
FeNiSi_DAC14_P1,2.82125,0.00102,22.456,0.024,8.021,0.009,7.08,0.07,194.4,2.1,5.3,1.08
FeNiSi_DAC14_P2,2.8156,0.00103,22.321,0.025,8.069,0.009,8.27,0.07,200.8,2.9,5.25,1.07
FeNiSi_DAC14_P3,2.84255,0.001,22.968,0.024,7.842,0.008,2.95,0.04,172.3,4.2,5.5,1.16
FeNiSi_DAC15_P1,2.82419,0.00142,22.526,0.034,7.995,0.012,6.48,0.11,191.2,2.0,5.33,1.09
